{
	"info": {
		"_postman_id": "4716cd56-c572-4e81-b7bd-84b3595d3514",
		"name": "Visa Hello World API - Mutual Auth",
		"description": "VDP Helloworld API",
		"schema": "https://schema.getpostman.com/json/collection/v2.1.0/collection.json"
	},
	"item": [
		{
			"name": "vdp/helloworld",
			"request": {
				"auth": {
					"type": "basic",
					"basic": [
						{
							"key": "password",
							"value": "<YOUR PASSWORD>",
							"type": "string"
						},
						{
							"key": "username",
							"value": "<YOUR USERNAME>",
							"type": "string"
						}
					]
				},
				"method": "GET",
				"header": [],
				"body": {
					"mode": "raw",
					"raw": ""
				},
				"url": {
					"raw": "https://sandbox.api.visa.com/vdp/helloworld",
					"protocol": "https",
					"host": [
						"sandbox",
						"api",
						"visa",
						"com"
					],
					"path": [
						"vdp",
						"helloworld"
					]
				},
				"description": "Visa Hello Worl API - Mutual Auth"
			},
			"response": []
		}
	],
	"event": [
		{
			"listen": "prerequest",
			"script": {
				"id": "ab3660bf-ee17-470b-a092-f1f464c1f9fd",
				"type": "text/javascript",
				"exec": [
					""
				]
			}
		},
		{
			"listen": "test",
			"script": {
				"id": "a938e333-c766-4485-8979-345ada4a6e4c",
				"type": "text/javascript",
				"exec": [
					""
				]
			}
		}
	]
}