{
	"info": {
		"_postman_id": "0f6c6201-81f2-4a74-92ed-a68823bdbd62",
		"name": "Visa Hello World API - API Key & Shared Secret Auth",
		"description": "VDP Helloworld API",
		"schema": "https://schema.getpostman.com/json/collection/v2.1.0/collection.json"
	},
	"item": [
		{
			"name": "vdp/helloworld",
			"event": [
				{
					"listen": "prerequest",
					"script": {
						"id": "e001247a-ebad-4138-a22c-976254d0aefa",
						"exec": [
							"var resourcePath = 'helloworld';",
							"var queryParams = 'apiKey=<YOUR API KEY>';",
							"var sharedSecret = '<YOUR SHARED SECRET>';",
							"var postBody = '';",
							"",
							"var timestamp = Math.floor(Date.now() / 1000);  ",
							"var preHashString = timestamp + resourcePath + queryParams + postBody;  ",
							"var hashString = CryptoJS.enc.Hex.stringify(CryptoJS.HmacSHA256(preHashString, sharedSecret));",
							"var xPayToken = 'xv2:' + timestamp + ':' + hashString;",
							"",
							"postman.setEnvironmentVariable('x-pay-token', xPayToken);"
						],
						"type": "text/javascript"
					}
				}
			],
			"request": {
				"auth": {
					"type": "noauth"
				},
				"method": "GET",
				"header": [
					{
						"key": "x-pay-token",
						"value": "{{x-pay-token}}",
						"type": "text"
					}
				],
				"body": {
					"mode": "raw",
					"raw": ""
				},
				"url": {
					"raw": "https://sandbox.api.visa.com/vdp/helloworld?apiKey=<YOUR API KEY>",
					"protocol": "https",
					"host": [
						"sandbox",
						"api",
						"visa",
						"com"
					],
					"path": [
						"vdp",
						"helloworld"
					],
					"query": [
						{
							"key": "apiKey",
							"value": "<YOUR API KEY>"
						}
					]
				},
				"description": "Visa Hello Worl API - API Key & Shared Secret Auth"
			},
			"response": []
		}
	],
	"event": [
		{
			"listen": "prerequest",
			"script": {
				"id": "ab3660bf-ee17-470b-a092-f1f464c1f9fd",
				"type": "text/javascript",
				"exec": [
					""
				]
			}
		},
		{
			"listen": "test",
			"script": {
				"id": "a938e333-c766-4485-8979-345ada4a6e4c",
				"type": "text/javascript",
				"exec": [
					""
				]
			}
		}
	]
}